"","year","Afghanistan","Brazil","China"
"1",1999,0.372740958392553,2.19393047799011,1.66749511667419
"2",2000,1.29446632639585,4.61236337331918,1.6694878795907
